Mfg_Part_Num,field_name,expected_value,actual_value,comparison_type,normalization_rule
PDSH4816AF,BRAND_NAME,FRIGIDAIRE®,FRIGIDAIRE®,EXACT_MATCH,
PDSH4816AF,MANUFACTURER_NAME,Rheem Manufacturing,Rheem Manufacturing,EXACT_MATCH,
PDSH4816AF,MANUFACTURER_PART_NUMBER,PDSH4816AF,PDSH4816AF,EXACT_MATCH,
PDSH4816AF,MOBILE_DESC,"Rheem Manufacturing FRIGIDAIRE, Dishwasher, Professional Series, PDSH4816AF","FRIGIDAIRE®, Dishwasher, Professional Series, PDSH4816AF, Leg Mounting, Stainles",MISMATCH,
PDSH4816AF,INVOICE_DESC,DISHWASHER LEG 5 SST 120V 15A 50-1/4IN,DISHWASHER LEG 5 SST 120V 15A 50-1/4IN,EXACT_MATCH,
PDSH4816AF,SHORT_DESC,"FRIGIDAIRE® Professional Series PDSH4816AF Dishwasher With CleanBoost™, Leg Mounting, 5-Wash Cycle, Stainless Steel","FRIGIDAIRE®, Professional Series, PDSH4816AF, Dishwasher, With CleanBoost™, Leg Mounting, 5-Wash Cycle, Stainless Steel",MISMATCH,
PDSH4816AF,LONG_DESC1,"FRIGIDAIRE® Dishwasher With CleanBoost™, Professional Series, 5 Wash Cycles, 120 V, 15 A, Leg Mounting, 24 in W x 24-1/4 in D, 50-1/4 in Depth With Door Open, 8-1/2 in Upper Rack, 11-1/4 in Lower Rack Minimum Height, 10-3/8 in Upper Rack, 13-1/4 in Lower Rack Maximum Height, 47 dBA Sound Level, Stainless Steel, Additional Information: 240 kW-hr Annual Energy, 1 to 12 hr Delay Start Hours","FRIGIDAIRE® Dishwasher With CleanBoost™, Professional Series, 5 Wash Cycles, 120 V, 15 A, Leg Mounting, 24 in W x 24-1/4 in D, 50-1/4 in Depth With Door Open, 8-1/2 in Upper Rack, 11-1/4 in Lower Rack Minimum Height, 10-3/8 in Upper Rack, 13-1/4 in Lower Rack Maximum Height, 47 dBA, Stainless Steel, Additional Information: 240 kW-hr Annual Energy, 1 to 12 hr Delay Start Hours",MISMATCH,
PDSH4816AF,RETAIL_DESC,"Professional Series Dishwasher, Leg Mounting, 5-Wash Cycle, Stainless Steel","FRIGIDAIRE®, Professional Series, Dishwasher, Leg Mounting, 5-Wash Cycle, Stainless Steel",MISMATCH,
PDSH4816AF,MARKETING_DESCRIPTION,,,EXPECTED_EMPTY,
PDSH4816AF,Classpath,Appliances & Consumer Electronics>Kitchen Appliances>Built-In Dishwashers,Appliances & Consumer Electronics>Kitchen Appliances>Built-In Dishwashers,EXACT_MATCH,
PDSH4816AF,Dept,Appliances,Appliances,EXACT_MATCH,
PDSH4816AF,Class,Large Appliances,Large Appliances,EXACT_MATCH,
PDSH4816AF,Fine,Dishwashers,Dishwashers,EXACT_MATCH,
PDSH4816AF,MFR URL,https://www.frigidaire.com/en/p/owner-center/product-support/PDSH4816AF,https://www.frigidaire.com/product/PDSH4816AF,MISMATCH,
PDSH4816AF,Product Name,Dishwasher,Dishwasher,EXACT_MATCH,
PDSH4816AF,With,With CleanBoost™,With CleanBoost™,EXACT_MATCH,
PDSH4816AF,Standard/Approvals,ASSE 1006|CEE Tier 2 Qualified|cUL Listed|ENERGY STAR Certified|NSF Certified|UL Listed,ASSE 1006|CEE Tier 2 Qualified|cUL Listed|ENERGY STAR Certified|NSF Certified|UL Listed,EXACT_MATCH,
PDSH4816AF,Warranty,"1 Year Manufacturer, 1 Year Labor and Parts","1 Year Manufacturer, 1 Year Labor and Parts",EXACT_MATCH,
PDSH4816AF,Country Of Origin,,US,EXPECTED_EMPTY,
PDSH4816AF,Discontinued,,No,EXPECTED_EMPTY,
PDSH4816AF,Selling Qty,,1,EXPECTED_EMPTY,
PDSH4816AF,Selling UOM,,EA,EXPECTED_EMPTY,
PDSH4816AF,Product Image,FRIGIDAIRE_PDSH4816AF.jpg,FRIGIDAIRE_PDSH4816AF.jpg,EXACT_MATCH,
PDSH4816AF,Specification Sheet,FRIGIDAIRE_PDSH4816AF_Specification_Sheet.pdf,FRIGIDAIRE_PDSH4816AF_Specification_Sheet.pdf,EXACT_MATCH,
PDSH4816AF,Actual Image (Yes/No),Yes,Yes,EXACT_MATCH,
PDSH4816AF,ITEM_FEATURES_1,,,EXPECTED_EMPTY,
PDSH4816AF,ITEM_FEATURES_2,,,EXPECTED_EMPTY,
PDSH4816AF,ITEM_FEATURES_3,,,EXPECTED_EMPTY,
PDSH4816AF,ITEM_FEATURES_4,,,EXPECTED_EMPTY,
PDSH4816AF,ITEM_FEATURES_5,,,EXPECTED_EMPTY,
PDSH4816AF,ITEM_FEATURES_6,,,EXPECTED_EMPTY,
PDSH4816AF,ITEM_FEATURES_7,,,EXPECTED_EMPTY,
PDSH4816AF,ITEM_FEATURES_8,,,EXPECTED_EMPTY,
PDSH4816AF,ITEM_FEATURES_9,,,EXPECTED_EMPTY,
PDSH4816AF,ITEM_FEATURES_10,,,EXPECTED_EMPTY,
PDSH4816AF,ITEM_FEATURES_11,,,EXPECTED_EMPTY,
PDSH4816AF,ITEM_FEATURES_12,,,EXPECTED_EMPTY,
PDSH4816AF,ITEM_FEATURES_13,,,EXPECTED_EMPTY,
PDSH4816AF,ITEM_FEATURES_14,,,EXPECTED_EMPTY,
PDSH4816AF,ITEM_FEATURES_15,,,EXPECTED_EMPTY,
PDSH4816AF,ITEM_FEATURES_16,,,EXPECTED_EMPTY,
PDSH4816AF,ITEM_FEATURES_17,,,EXPECTED_EMPTY,
PDSH4816AF,ITEM_FEATURES_18,,,EXPECTED_EMPTY,
PDSH4816AF,ITEM_FEATURES_19,,,EXPECTED_EMPTY,
PDSH4816AF,ITEM_FEATURES_20,,,EXPECTED_EMPTY,
PDSH4816AF,ATTRIBUTE_LABEL 1,Series,Series,EXACT_MATCH,
PDSH4816AF,ATTRIBUTE_VALUE 1,Professional Series,Professional Series,EXACT_MATCH,
PDSH4816AF,ATTRIBUTE_UOM 1,,,EXPECTED_EMPTY,
PDSH4816AF,ATTRIBUTE_LABEL 2,Model,Model,EXACT_MATCH,
PDSH4816AF,ATTRIBUTE_VALUE 2,,PDSH4816AF,EXPECTED_EMPTY,
PDSH4816AF,ATTRIBUTE_UOM 2,,,EXPECTED_EMPTY,
PDSH4816AF,ATTRIBUTE_LABEL 3,Number of Wash Cycles,Number of Wash Cycles,EXACT_MATCH,
PDSH4816AF,ATTRIBUTE_VALUE 3,5,5,EXACT_MATCH,
PDSH4816AF,ATTRIBUTE_UOM 3,,,EXPECTED_EMPTY,
PDSH4816AF,ATTRIBUTE_LABEL 4,Voltage Rating,Voltage Rating,EXACT_MATCH,
PDSH4816AF,ATTRIBUTE_VALUE 4,120,120,EXACT_MATCH,
PDSH4816AF,ATTRIBUTE_UOM 4,V,V,EXACT_MATCH,
PDSH4816AF,ATTRIBUTE_LABEL 5,Amperage Rating,Amperage Rating,EXACT_MATCH,
PDSH4816AF,ATTRIBUTE_VALUE 5,15,15,EXACT_MATCH,
PDSH4816AF,ATTRIBUTE_UOM 5,A,A,EXACT_MATCH,
PDSH4816AF,ATTRIBUTE_LABEL 6,Mounting Type,Mounting Type,EXACT_MATCH,
PDSH4816AF,ATTRIBUTE_VALUE 6,Leg,Leg,EXACT_MATCH,
PDSH4816AF,ATTRIBUTE_UOM 6,,,EXPECTED_EMPTY,
PDSH4816AF,ATTRIBUTE_LABEL 7,Plug Type,Plug Type,EXACT_MATCH,
PDSH4816AF,ATTRIBUTE_VALUE 7,,,EXPECTED_EMPTY,
PDSH4816AF,ATTRIBUTE_UOM 7,,,EXPECTED_EMPTY,
PDSH4816AF,ATTRIBUTE_LABEL 8,Size,Size,EXACT_MATCH,
PDSH4816AF,ATTRIBUTE_VALUE 8,24 in W x 24-1/4 in D,24 in W x 24-1/4 in D,EXACT_MATCH,
PDSH4816AF,ATTRIBUTE_UOM 8,,,EXPECTED_EMPTY,
PDSH4816AF,ATTRIBUTE_LABEL 9,Depth With Door Open,Depth With Door Open,EXACT_MATCH,
PDSH4816AF,ATTRIBUTE_VALUE 9,50-1/4,50-1/4,EXACT_MATCH,
PDSH4816AF,ATTRIBUTE_UOM 9,in,in,EXACT_MATCH,
PDSH4816AF,ATTRIBUTE_LABEL 10,Minimum Height,Minimum Height,EXACT_MATCH,
PDSH4816AF,ATTRIBUTE_VALUE 10,"8-1/2 in Upper Rack, 11-1/4 in Lower Rack","8-1/2 in Upper Rack, 11-1/4 in Lower Rack",EXACT_MATCH,
PDSH4816AF,ATTRIBUTE_UOM 10,,,EXPECTED_EMPTY,
PDSH4816AF,ATTRIBUTE_LABEL 11,Maximum Height,Maximum Height,EXACT_MATCH,
PDSH4816AF,ATTRIBUTE_VALUE 11,"10-3/8 in Upper Rack, 13-1/4 in Lower Rack","10-3/8 in Upper Rack, 13-1/4 in Lower Rack",EXACT_MATCH,
PDSH4816AF,ATTRIBUTE_UOM 11,,,EXPECTED_EMPTY,
PDSH4816AF,ATTRIBUTE_LABEL 12,Sound Level,Sound Level,EXACT_MATCH,
PDSH4816AF,ATTRIBUTE_VALUE 12,47,47,EXACT_MATCH,
PDSH4816AF,ATTRIBUTE_UOM 12,dBA,dBA,EXACT_MATCH,
PDSH4816AF,ATTRIBUTE_LABEL 13,Material,Material,EXACT_MATCH,
PDSH4816AF,ATTRIBUTE_VALUE 13,Stainless Steel,Stainless Steel,EXACT_MATCH,
PDSH4816AF,ATTRIBUTE_UOM 13,,,EXPECTED_EMPTY,
PDSH4816AF,ATTRIBUTE_LABEL 14,Color,Color,EXACT_MATCH,
PDSH4816AF,ATTRIBUTE_VALUE 14,,,EXPECTED_EMPTY,
PDSH4816AF,ATTRIBUTE_UOM 14,,,EXPECTED_EMPTY,
PDSH4816AF,ATTRIBUTE_LABEL 15,Additional Information,Additional Information,EXACT_MATCH,
PDSH4816AF,ATTRIBUTE_VALUE 15,"240 kW-hr Annual Energy, 1 to 12 hr Delay Start Hours","240 kW-hr Annual Energy, 1 to 12 hr Delay Start Hours",EXACT_MATCH,
PDSH4816AF,ATTRIBUTE_UOM 15,,,EXPECTED_EMPTY,
PDSH4816AF,ATTRIBUTE_LABEL 16,,Width,EXPECTED_EMPTY,
PDSH4816AF,ATTRIBUTE_VALUE 16,,24,EXPECTED_EMPTY,
PDSH4816AF,ATTRIBUTE_UOM 16,,in,EXPECTED_EMPTY,
PDSH4816AF,ATTRIBUTE_LABEL 17,,Depth,EXPECTED_EMPTY,
PDSH4816AF,ATTRIBUTE_VALUE 17,,24-1/4,EXPECTED_EMPTY,
PDSH4816AF,ATTRIBUTE_UOM 17,,in,EXPECTED_EMPTY,
PDSH4816AF,ATTRIBUTE_LABEL 18,,Sound Level,EXPECTED_EMPTY,
PDSH4816AF,ATTRIBUTE_VALUE 18,,47,EXPECTED_EMPTY,
PDSH4816AF,ATTRIBUTE_UOM 18,,dBA,EXPECTED_EMPTY,
PDSH4816AF,ATTRIBUTE_LABEL 19,,amperage,EXPECTED_EMPTY,
PDSH4816AF,ATTRIBUTE_VALUE 19,,15,EXPECTED_EMPTY,
PDSH4816AF,ATTRIBUTE_UOM 19,,A,EXPECTED_EMPTY,
PDSH4816AF,ATTRIBUTE_LABEL 20,,wash_cycles,EXPECTED_EMPTY,
PDSH4816AF,ATTRIBUTE_VALUE 20,,5,EXPECTED_EMPTY,
PDSH4816AF,ATTRIBUTE_UOM 20,,,EXPECTED_EMPTY,
PDSH4816AF,ATTRIBUTE_LABEL 21,,delay_start,EXPECTED_EMPTY,
PDSH4816AF,ATTRIBUTE_VALUE 21,,1 to 12 hr,EXPECTED_EMPTY,
PDSH4816AF,ATTRIBUTE_UOM 21,,,EXPECTED_EMPTY,
PDSH4816AF,ATTRIBUTE_LABEL 22,,annual_energy_kwh,EXPECTED_EMPTY,
PDSH4816AF,ATTRIBUTE_VALUE 22,,240,EXPECTED_EMPTY,
PDSH4816AF,ATTRIBUTE_UOM 22,,,EXPECTED_EMPTY,
PDSH4816AF,ATTRIBUTE_LABEL 23,,certifications,EXPECTED_EMPTY,
PDSH4816AF,ATTRIBUTE_VALUE 23,,ASSE 1006|CEE Tier 2 Qualified|cUL Listed|ENERGY STAR Certified|NSF Certified|UL Listed,EXPECTED_EMPTY,
PDSH4816AF,ATTRIBUTE_UOM 23,,,EXPECTED_EMPTY,
PDSH4816AF,ATTRIBUTE_LABEL 24,,Amperage,EXPECTED_EMPTY,
PDSH4816AF,ATTRIBUTE_VALUE 24,,15,EXPECTED_EMPTY,
PDSH4816AF,ATTRIBUTE_UOM 24,,A,EXPECTED_EMPTY,
PDSH4816AF,ATTRIBUTE_LABEL 25,,SoundLevel,EXPECTED_EMPTY,
PDSH4816AF,ATTRIBUTE_VALUE 25,,47,EXPECTED_EMPTY,
PDSH4816AF,ATTRIBUTE_UOM 25,,dBA,EXPECTED_EMPTY,
PDSH4816AF,ATTRIBUTE_LABEL 26,,DepthWithDoorOpen,EXPECTED_EMPTY,
PDSH4816AF,ATTRIBUTE_VALUE 26,,50-1/4,EXPECTED_EMPTY,
PDSH4816AF,ATTRIBUTE_UOM 26,,in,EXPECTED_EMPTY,
PDSH4816AF,ATTRIBUTE_LABEL 27,,,EXPECTED_EMPTY,
PDSH4816AF,ATTRIBUTE_VALUE 27,,,EXPECTED_EMPTY,
PDSH4816AF,ATTRIBUTE_UOM 27,,,EXPECTED_EMPTY,
PDSH4816AF,ATTRIBUTE_LABEL 28,,,EXPECTED_EMPTY,
PDSH4816AF,ATTRIBUTE_VALUE 28,,,EXPECTED_EMPTY,
PDSH4816AF,ATTRIBUTE_UOM 28,,,EXPECTED_EMPTY,
PDSH4816AF,ATTRIBUTE_LABEL 29,,,EXPECTED_EMPTY,
PDSH4816AF,ATTRIBUTE_VALUE 29,,,EXPECTED_EMPTY,
PDSH4816AF,ATTRIBUTE_UOM 29,,,EXPECTED_EMPTY,
PDSH4816AF,ATTRIBUTE_LABEL 30,,,EXPECTED_EMPTY,
PDSH4816AF,ATTRIBUTE_VALUE 30,,,EXPECTED_EMPTY,
PDSH4816AF,ATTRIBUTE_UOM 30,,,EXPECTED_EMPTY,
PDSH4816AF,ATTRIBUTE_LABEL 31,,,EXPECTED_EMPTY,
PDSH4816AF,ATTRIBUTE_VALUE 31,,,EXPECTED_EMPTY,
PDSH4816AF,ATTRIBUTE_UOM 31,,,EXPECTED_EMPTY,
PDSH4816AF,ATTRIBUTE_LABEL 32,,,EXPECTED_EMPTY,
PDSH4816AF,ATTRIBUTE_VALUE 32,,,EXPECTED_EMPTY,
PDSH4816AF,ATTRIBUTE_UOM 32,,,EXPECTED_EMPTY,
PDSH4816AF,ATTRIBUTE_LABEL 33,,,EXPECTED_EMPTY,
PDSH4816AF,ATTRIBUTE_VALUE 33,,,EXPECTED_EMPTY,
PDSH4816AF,ATTRIBUTE_UOM 33,,,EXPECTED_EMPTY,
PDSH4816AF,ATTRIBUTE_LABEL 34,,,EXPECTED_EMPTY,
PDSH4816AF,ATTRIBUTE_VALUE 34,,,EXPECTED_EMPTY,
PDSH4816AF,ATTRIBUTE_UOM 34,,,EXPECTED_EMPTY,
PDSH4816AF,ATTRIBUTE_LABEL 35,,,EXPECTED_EMPTY,
PDSH4816AF,ATTRIBUTE_VALUE 35,,,EXPECTED_EMPTY,
PDSH4816AF,ATTRIBUTE_UOM 35,,,EXPECTED_EMPTY,
PDSH4816AF,ATTRIBUTE_LABEL 36,,,EXPECTED_EMPTY,
PDSH4816AF,ATTRIBUTE_VALUE 36,,,EXPECTED_EMPTY,
PDSH4816AF,ATTRIBUTE_UOM 36,,,EXPECTED_EMPTY,
PDSH4816AF,ATTRIBUTE_LABEL 37,,,EXPECTED_EMPTY,
PDSH4816AF,ATTRIBUTE_VALUE 37,,,EXPECTED_EMPTY,
PDSH4816AF,ATTRIBUTE_UOM 37,,,EXPECTED_EMPTY,
PDSH4816AF,ATTRIBUTE_LABEL 38,,,EXPECTED_EMPTY,
PDSH4816AF,ATTRIBUTE_VALUE 38,,,EXPECTED_EMPTY,
PDSH4816AF,ATTRIBUTE_UOM 38,,,EXPECTED_EMPTY,
PDSH4816AF,ATTRIBUTE_LABEL 39,,,EXPECTED_EMPTY,
PDSH4816AF,ATTRIBUTE_VALUE 39,,,EXPECTED_EMPTY,
PDSH4816AF,ATTRIBUTE_UOM 39,,,EXPECTED_EMPTY,
PDSH4816AF,ATTRIBUTE_LABEL 40,,,EXPECTED_EMPTY,
PDSH4816AF,ATTRIBUTE_VALUE 40,,,EXPECTED_EMPTY,
PDSH4816AF,ATTRIBUTE_UOM 40,,,EXPECTED_EMPTY,
PDSH4816AF,ATTRIBUTE_LABEL 41,,,EXPECTED_EMPTY,
PDSH4816AF,ATTRIBUTE_VALUE 41,,,EXPECTED_EMPTY,
PDSH4816AF,ATTRIBUTE_UOM 41,,,EXPECTED_EMPTY,
PDSH4816AF,ATTRIBUTE_LABEL 42,,,EXPECTED_EMPTY,
PDSH4816AF,ATTRIBUTE_VALUE 42,,,EXPECTED_EMPTY,
PDSH4816AF,ATTRIBUTE_UOM 42,,,EXPECTED_EMPTY,
PDSH4816AF,ATTRIBUTE_LABEL 43,,,EXPECTED_EMPTY,
PDSH4816AF,ATTRIBUTE_VALUE 43,,,EXPECTED_EMPTY,
PDSH4816AF,ATTRIBUTE_UOM 43,,,EXPECTED_EMPTY,
PDSH4816AF,ATTRIBUTE_LABEL 44,,,EXPECTED_EMPTY,
PDSH4816AF,ATTRIBUTE_VALUE 44,,,EXPECTED_EMPTY,
PDSH4816AF,ATTRIBUTE_UOM 44,,,EXPECTED_EMPTY,
PDSH4816AF,ATTRIBUTE_LABEL 45,,,EXPECTED_EMPTY,
PDSH4816AF,ATTRIBUTE_VALUE 45,,,EXPECTED_EMPTY,
PDSH4816AF,ATTRIBUTE_UOM 45,,,EXPECTED_EMPTY,
PDSH4816AF,ATTRIBUTE_LABEL 46,,,EXPECTED_EMPTY,
PDSH4816AF,ATTRIBUTE_VALUE 46,,,EXPECTED_EMPTY,
PDSH4816AF,ATTRIBUTE_UOM 46,,,EXPECTED_EMPTY,
PDSH4816AF,ATTRIBUTE_LABEL 47,,,EXPECTED_EMPTY,
PDSH4816AF,ATTRIBUTE_VALUE 47,,,EXPECTED_EMPTY,
PDSH4816AF,ATTRIBUTE_UOM 47,,,EXPECTED_EMPTY,
PDSH4816AF,ATTRIBUTE_LABEL 48,,,EXPECTED_EMPTY,
PDSH4816AF,ATTRIBUTE_VALUE 48,,,EXPECTED_EMPTY,
PDSH4816AF,ATTRIBUTE_UOM 48,,,EXPECTED_EMPTY,
PDSH4816AF,ATTRIBUTE_LABEL 49,,,EXPECTED_EMPTY,
PDSH4816AF,ATTRIBUTE_VALUE 49,,,EXPECTED_EMPTY,
PDSH4816AF,ATTRIBUTE_UOM 49,,,EXPECTED_EMPTY,
PDSH4816AF,ATTRIBUTE_LABEL 50,,,EXPECTED_EMPTY,
PDSH4816AF,ATTRIBUTE_VALUE 50,,,EXPECTED_EMPTY,
PDSH4816AF,ATTRIBUTE_UOM 50,,,EXPECTED_EMPTY,
PDSH4816AF,UPC,,,EXPECTED_EMPTY,
PDSH4816AF,EAN,,,EXPECTED_EMPTY,
PDSH4816AF,GTIN,,,EXPECTED_EMPTY,
PDSH4816AF,UNSPSC,,,EXPECTED_EMPTY,
WDTS7024RZ,BRAND_NAME,Whirlpool®,WHIRLPOOL®,NORMALIZED_MATCH,case_insensitive_trademark_stripped
WDTS7024RZ,MANUFACTURER_NAME,Whirlpool Corporation,Whirlpool Corporation,EXACT_MATCH,
WDTS7024RZ,MANUFACTURER_PART_NUMBER,WDTS7024RZ,WDTS7024RZ,EXACT_MATCH,
WDTS7024RZ,MOBILE_DESC,"Whirlpool, Dishwasher, Eco Series, WDTS7024RZ, Built-in Mounting","WHIRLPOOL®, Dishwasher, Eco Series, WDTS7024RZ, Built-In Mounting, Stainless Ste",MISMATCH,
WDTS7024RZ,INVOICE_DESC,DISHWASHER BLTLN SST SST 120V 10A 41DBA,DISHWASHER BLTLN SST SST 120V 10A 41DBA,EXACT_MATCH,
WDTS7024RZ,SHORT_DESC,"Whirlpool® Eco Series WDTS7024RZ Dishwasher, Built-in Mounting, Stainless Steel, Stainless Steel","WHIRLPOOL®, Eco Series, WDTS7024RZ, Dishwasher, With Washing 3rd Rack, Water Repellent Silverware Basket, Built-In Mounting, Stainless Steel",MISMATCH,
WDTS7024RZ,LONG_DESC1,"Whirlpool® Dishwasher, Eco Series, 120 V, 10 A, Built-in Mounting, 33-7/16 in H x 23-7/8 in W x 22-5/8 in D, 50-3/16 in Depth With Door Open, 33-7/16 in Minimum Height, 41 dBA Sound Level, Stainless Steel, Stainless Steel, Additional Information: Folding Tines, Leak Detection System, Moisture Repellent Silverware Basket, Normal Cycle, Quick Wash Cycle, Sani Rinse Option, Sensor Cycle, Triple Wash Spray","WHIRLPOOL® Dishwasher With Washing 3rd Rack, Water Repellent Silverware Basket, Eco Series, 120 V, 10 A, Built-In Mounting, 33-7/16 in H x 23-7/8 in W x 22-5/8 in D, 50-3/16 in Depth With Door Open, 33-7/16 in Minimum Height, 41 dBA, Stainless Steel, Stainless Steel, Additional Information: Folding Tines, Leak Detection System, Moisture Repellent Silverware Basket, Normal Cycle, Quick Wash Cycle, Sani Rinse Option, Sensor Cycle, Triple Wash Spray",MISMATCH,
WDTS7024RZ,RETAIL_DESC,"Eco Series Dishwasher, Built-in Mounting, Stainless Steel, Stainless Steel","WHIRLPOOL®, Eco Series, Dishwasher, Built-In Mounting, Stainless Steel",MISMATCH,
WDTS7024RZ,MARKETING_DESCRIPTION,"Load more and run less with our quietest and largest capacity dishwasher. A 3rd Rack provides dedicated space for mugs and bowls, while an adjustable 2nd Rack helps fit all the dishes and pans your family piles up.","Load more and run less with our quietest and largest capacity dishwasher. A 3rd Rack provides dedicated space for mugs and bowls, while an adjustable 2nd Rack helps fit all the dishes and pans your family piles up.",EXACT_MATCH,
WDTS7024RZ,Classpath,Appliances & Consumer Electronics>Kitchen Appliances>Built-In Dishwashers,Appliances & Consumer Electronics>Kitchen Appliances>Built-In Dishwashers,EXACT_MATCH,
WDTS7024RZ,Dept,Appliances,Appliances,EXACT_MATCH,
WDTS7024RZ,Class,Large Appliances,Large Appliances,EXACT_MATCH,
WDTS7024RZ,Fine,Dishwashers,Dishwashers,EXACT_MATCH,
WDTS7024RZ,MFR URL,https://learnwhirlpool.com/smartsearchresults?searchtext=WDTS7024R,https://www.whirlpool.com/product/WDTS7024RZ,MISMATCH,
WDTS7024RZ,Product Name,Dishwasher,Dishwasher,EXACT_MATCH,
WDTS7024RZ,With,"With Washing 3rd Rack, Water Repellent Silverware Basket","With Washing 3rd Rack, Water Repellent Silverware Basket",EXACT_MATCH,
WDTS7024RZ,Standard/Approvals,,,EXPECTED_EMPTY,
WDTS7024RZ,Warranty,,,EXPECTED_EMPTY,
WDTS7024RZ,Country Of Origin,,US,EXPECTED_EMPTY,
WDTS7024RZ,Discontinued,,No,EXPECTED_EMPTY,
WDTS7024RZ,Selling Qty,,1,EXPECTED_EMPTY,
WDTS7024RZ,Selling UOM,,EA,EXPECTED_EMPTY,
WDTS7024RZ,Product Image,Whirlpool_WDTS7024RZ.jpg,Whirlpool_WDTS7024RZ.jpg,EXACT_MATCH,
WDTS7024RZ,Specification Sheet,Whirlpool_WDTS7024RZ_Specification_Sheet.pdf,Whirlpool_WDTS7024RZ_Specification_Sheet.pdf,EXACT_MATCH,
WDTS7024RZ,Actual Image (Yes/No),Yes,Yes,EXACT_MATCH,
WDTS7024RZ,ITEM_FEATURES_1,3rd rack with extra wash action,3rd rack with extra wash action,EXACT_MATCH,
WDTS7024RZ,ITEM_FEATURES_2,Adjustable 2nd Rack,Adjustable 2nd Rack,EXACT_MATCH,
WDTS7024RZ,ITEM_FEATURES_3,41 dBA,41 dBA,EXACT_MATCH,
WDTS7024RZ,ITEM_FEATURES_4,Moisture Repellent Silverware Basket,Moisture Repellent Silverware Basket,EXACT_MATCH,
WDTS7024RZ,ITEM_FEATURES_5,Sensor cycle,Sensor cycle,EXACT_MATCH,
WDTS7024RZ,ITEM_FEATURES_6,Sani Rinse Option,Sani Rinse Option,EXACT_MATCH,
WDTS7024RZ,ITEM_FEATURES_7,Leak Detection System,Leak Detection System,EXACT_MATCH,
WDTS7024RZ,ITEM_FEATURES_8,Folding Tines,Folding Tines,EXACT_MATCH,
WDTS7024RZ,ITEM_FEATURES_9,Normal cycle,Normal cycle,EXACT_MATCH,
WDTS7024RZ,ITEM_FEATURES_10,Triple Wash Spray,Triple Wash Spray,EXACT_MATCH,
WDTS7024RZ,ITEM_FEATURES_11,Quick Wash Cycle,Quick Wash Cycle,EXACT_MATCH,
WDTS7024RZ,ITEM_FEATURES_12,,,EXPECTED_EMPTY,
WDTS7024RZ,ITEM_FEATURES_13,,,EXPECTED_EMPTY,
WDTS7024RZ,ITEM_FEATURES_14,,,EXPECTED_EMPTY,
WDTS7024RZ,ITEM_FEATURES_15,,,EXPECTED_EMPTY,
WDTS7024RZ,ITEM_FEATURES_16,,,EXPECTED_EMPTY,
WDTS7024RZ,ITEM_FEATURES_17,,,EXPECTED_EMPTY,
WDTS7024RZ,ITEM_FEATURES_18,,,EXPECTED_EMPTY,
WDTS7024RZ,ITEM_FEATURES_19,,,EXPECTED_EMPTY,
WDTS7024RZ,ITEM_FEATURES_20,,,EXPECTED_EMPTY,
WDTS7024RZ,ATTRIBUTE_LABEL 1,Series,Series,EXACT_MATCH,
WDTS7024RZ,ATTRIBUTE_VALUE 1,Eco Series,Eco Series,EXACT_MATCH,
WDTS7024RZ,ATTRIBUTE_UOM 1,,,EXPECTED_EMPTY,
WDTS7024RZ,ATTRIBUTE_LABEL 2,Model,Model,EXACT_MATCH,
WDTS7024RZ,ATTRIBUTE_VALUE 2,,WDTS7024RZ,EXPECTED_EMPTY,
WDTS7024RZ,ATTRIBUTE_UOM 2,,,EXPECTED_EMPTY,
WDTS7024RZ,ATTRIBUTE_LABEL 3,Number of Wash Cycles,Number of Wash Cycles,EXACT_MATCH,
WDTS7024RZ,ATTRIBUTE_VALUE 3,,,EXPECTED_EMPTY,
WDTS7024RZ,ATTRIBUTE_UOM 3,,,EXPECTED_EMPTY,
WDTS7024RZ,ATTRIBUTE_LABEL 4,Voltage Rating,Voltage Rating,EXACT_MATCH,
WDTS7024RZ,ATTRIBUTE_VALUE 4,120,120,EXACT_MATCH,
WDTS7024RZ,ATTRIBUTE_UOM 4,V,V,EXACT_MATCH,
WDTS7024RZ,ATTRIBUTE_LABEL 5,Amperage Rating,Amperage Rating,EXACT_MATCH,
WDTS7024RZ,ATTRIBUTE_VALUE 5,10,10,EXACT_MATCH,
WDTS7024RZ,ATTRIBUTE_UOM 5,A,A,EXACT_MATCH,
WDTS7024RZ,ATTRIBUTE_LABEL 6,Mounting Type,Mounting Type,EXACT_MATCH,
WDTS7024RZ,ATTRIBUTE_VALUE 6,Built-in,Built-in,EXACT_MATCH,
WDTS7024RZ,ATTRIBUTE_UOM 6,,,EXPECTED_EMPTY,
WDTS7024RZ,ATTRIBUTE_LABEL 7,Plug Type,Plug Type,EXACT_MATCH,
WDTS7024RZ,ATTRIBUTE_VALUE 7,,,EXPECTED_EMPTY,
WDTS7024RZ,ATTRIBUTE_UOM 7,,,EXPECTED_EMPTY,
WDTS7024RZ,ATTRIBUTE_LABEL 8,Size,Size,EXACT_MATCH,
WDTS7024RZ,ATTRIBUTE_VALUE 8,33-7/16 in H x 23-7/8 in W x 22-5/8 in D,33-7/16 in H x 23-7/8 in W x 22-5/8 in D,EXACT_MATCH,
WDTS7024RZ,ATTRIBUTE_UOM 8,,,EXPECTED_EMPTY,
WDTS7024RZ,ATTRIBUTE_LABEL 9,Depth With Door Open,Depth With Door Open,EXACT_MATCH,
WDTS7024RZ,ATTRIBUTE_VALUE 9,50-3/16,50-3/16,EXACT_MATCH,
WDTS7024RZ,ATTRIBUTE_UOM 9,in,in,EXACT_MATCH,
WDTS7024RZ,ATTRIBUTE_LABEL 10,Minimum Height,Minimum Height,EXACT_MATCH,
WDTS7024RZ,ATTRIBUTE_VALUE 10,33-7/16,33-7/16,EXACT_MATCH,
WDTS7024RZ,ATTRIBUTE_UOM 10,in,in,EXACT_MATCH,
WDTS7024RZ,ATTRIBUTE_LABEL 11,Maximum Height,Maximum Height,EXACT_MATCH,
WDTS7024RZ,ATTRIBUTE_VALUE 11,,,EXPECTED_EMPTY,
WDTS7024RZ,ATTRIBUTE_UOM 11,,,EXPECTED_EMPTY,
WDTS7024RZ,ATTRIBUTE_LABEL 12,Sound Level,Sound Level,EXACT_MATCH,
WDTS7024RZ,ATTRIBUTE_VALUE 12,41,41,EXACT_MATCH,
WDTS7024RZ,ATTRIBUTE_UOM 12,dBA,dBA,EXACT_MATCH,
WDTS7024RZ,ATTRIBUTE_LABEL 13,Material,Material,EXACT_MATCH,
WDTS7024RZ,ATTRIBUTE_VALUE 13,Stainless Steel,Stainless Steel,EXACT_MATCH,
WDTS7024RZ,ATTRIBUTE_UOM 13,,,EXPECTED_EMPTY,
WDTS7024RZ,ATTRIBUTE_LABEL 14,Color,Color,EXACT_MATCH,
WDTS7024RZ,ATTRIBUTE_VALUE 14,Stainless Steel,Stainless Steel,EXACT_MATCH,
WDTS7024RZ,ATTRIBUTE_UOM 14,,,EXPECTED_EMPTY,
WDTS7024RZ,ATTRIBUTE_LABEL 15,Additional Information,Additional Information,EXACT_MATCH,
WDTS7024RZ,ATTRIBUTE_VALUE 15,"Folding Tines, Leak Detection System, Moisture Repellent Silverware Basket, Normal Cycle, Quick Wash Cycle, Sani Rinse Option, Sensor Cycle, Triple Wash Spray","Folding Tines, Leak Detection System, Moisture Repellent Silverware Basket, Normal Cycle, Quick Wash Cycle, Sani Rinse Option, Sensor Cycle, Triple Wash Spray",EXACT_MATCH,
WDTS7024RZ,ATTRIBUTE_UOM 15,,,EXPECTED_EMPTY,
WDTS7024RZ,ATTRIBUTE_LABEL 16,,Sound Level,EXPECTED_EMPTY,
WDTS7024RZ,ATTRIBUTE_VALUE 16,,41,EXPECTED_EMPTY,
WDTS7024RZ,ATTRIBUTE_UOM 16,,dBA,EXPECTED_EMPTY,
WDTS7024RZ,ATTRIBUTE_LABEL 17,,amperage,EXPECTED_EMPTY,
WDTS7024RZ,ATTRIBUTE_VALUE 17,,10,EXPECTED_EMPTY,
WDTS7024RZ,ATTRIBUTE_UOM 17,,A,EXPECTED_EMPTY,
WDTS7024RZ,ATTRIBUTE_LABEL 18,,Amperage,EXPECTED_EMPTY,
WDTS7024RZ,ATTRIBUTE_VALUE 18,,10,EXPECTED_EMPTY,
WDTS7024RZ,ATTRIBUTE_UOM 18,,A,EXPECTED_EMPTY,
WDTS7024RZ,ATTRIBUTE_LABEL 19,,SoundLevel,EXPECTED_EMPTY,
WDTS7024RZ,ATTRIBUTE_VALUE 19,,41,EXPECTED_EMPTY,
WDTS7024RZ,ATTRIBUTE_UOM 19,,dBA,EXPECTED_EMPTY,
WDTS7024RZ,ATTRIBUTE_LABEL 20,,DepthWithDoorOpen,EXPECTED_EMPTY,
WDTS7024RZ,ATTRIBUTE_VALUE 20,,50-3/16,EXPECTED_EMPTY,
WDTS7024RZ,ATTRIBUTE_UOM 20,,in,EXPECTED_EMPTY,
WDTS7024RZ,ATTRIBUTE_LABEL 21,,,EXPECTED_EMPTY,
WDTS7024RZ,ATTRIBUTE_VALUE 21,,,EXPECTED_EMPTY,
WDTS7024RZ,ATTRIBUTE_UOM 21,,,EXPECTED_EMPTY,
WDTS7024RZ,ATTRIBUTE_LABEL 22,,,EXPECTED_EMPTY,
WDTS7024RZ,ATTRIBUTE_VALUE 22,,,EXPECTED_EMPTY,
WDTS7024RZ,ATTRIBUTE_UOM 22,,,EXPECTED_EMPTY,
WDTS7024RZ,ATTRIBUTE_LABEL 23,,,EXPECTED_EMPTY,
WDTS7024RZ,ATTRIBUTE_VALUE 23,,,EXPECTED_EMPTY,
WDTS7024RZ,ATTRIBUTE_UOM 23,,,EXPECTED_EMPTY,
WDTS7024RZ,ATTRIBUTE_LABEL 24,,,EXPECTED_EMPTY,
WDTS7024RZ,ATTRIBUTE_VALUE 24,,,EXPECTED_EMPTY,
WDTS7024RZ,ATTRIBUTE_UOM 24,,,EXPECTED_EMPTY,
WDTS7024RZ,ATTRIBUTE_LABEL 25,,,EXPECTED_EMPTY,
WDTS7024RZ,ATTRIBUTE_VALUE 25,,,EXPECTED_EMPTY,
WDTS7024RZ,ATTRIBUTE_UOM 25,,,EXPECTED_EMPTY,
WDTS7024RZ,ATTRIBUTE_LABEL 26,,,EXPECTED_EMPTY,
WDTS7024RZ,ATTRIBUTE_VALUE 26,,,EXPECTED_EMPTY,
WDTS7024RZ,ATTRIBUTE_UOM 26,,,EXPECTED_EMPTY,
WDTS7024RZ,ATTRIBUTE_LABEL 27,,,EXPECTED_EMPTY,
WDTS7024RZ,ATTRIBUTE_VALUE 27,,,EXPECTED_EMPTY,
WDTS7024RZ,ATTRIBUTE_UOM 27,,,EXPECTED_EMPTY,
WDTS7024RZ,ATTRIBUTE_LABEL 28,,,EXPECTED_EMPTY,
WDTS7024RZ,ATTRIBUTE_VALUE 28,,,EXPECTED_EMPTY,
WDTS7024RZ,ATTRIBUTE_UOM 28,,,EXPECTED_EMPTY,
WDTS7024RZ,ATTRIBUTE_LABEL 29,,,EXPECTED_EMPTY,
WDTS7024RZ,ATTRIBUTE_VALUE 29,,,EXPECTED_EMPTY,
WDTS7024RZ,ATTRIBUTE_UOM 29,,,EXPECTED_EMPTY,
WDTS7024RZ,ATTRIBUTE_LABEL 30,,,EXPECTED_EMPTY,
WDTS7024RZ,ATTRIBUTE_VALUE 30,,,EXPECTED_EMPTY,
WDTS7024RZ,ATTRIBUTE_UOM 30,,,EXPECTED_EMPTY,
WDTS7024RZ,ATTRIBUTE_LABEL 31,,,EXPECTED_EMPTY,
WDTS7024RZ,ATTRIBUTE_VALUE 31,,,EXPECTED_EMPTY,
WDTS7024RZ,ATTRIBUTE_UOM 31,,,EXPECTED_EMPTY,
WDTS7024RZ,ATTRIBUTE_LABEL 32,,,EXPECTED_EMPTY,
WDTS7024RZ,ATTRIBUTE_VALUE 32,,,EXPECTED_EMPTY,
WDTS7024RZ,ATTRIBUTE_UOM 32,,,EXPECTED_EMPTY,
WDTS7024RZ,ATTRIBUTE_LABEL 33,,,EXPECTED_EMPTY,
WDTS7024RZ,ATTRIBUTE_VALUE 33,,,EXPECTED_EMPTY,
WDTS7024RZ,ATTRIBUTE_UOM 33,,,EXPECTED_EMPTY,
WDTS7024RZ,ATTRIBUTE_LABEL 34,,,EXPECTED_EMPTY,
WDTS7024RZ,ATTRIBUTE_VALUE 34,,,EXPECTED_EMPTY,
WDTS7024RZ,ATTRIBUTE_UOM 34,,,EXPECTED_EMPTY,
WDTS7024RZ,ATTRIBUTE_LABEL 35,,,EXPECTED_EMPTY,
WDTS7024RZ,ATTRIBUTE_VALUE 35,,,EXPECTED_EMPTY,
WDTS7024RZ,ATTRIBUTE_UOM 35,,,EXPECTED_EMPTY,
WDTS7024RZ,ATTRIBUTE_LABEL 36,,,EXPECTED_EMPTY,
WDTS7024RZ,ATTRIBUTE_VALUE 36,,,EXPECTED_EMPTY,
WDTS7024RZ,ATTRIBUTE_UOM 36,,,EXPECTED_EMPTY,
WDTS7024RZ,ATTRIBUTE_LABEL 37,,,EXPECTED_EMPTY,
WDTS7024RZ,ATTRIBUTE_VALUE 37,,,EXPECTED_EMPTY,
WDTS7024RZ,ATTRIBUTE_UOM 37,,,EXPECTED_EMPTY,
WDTS7024RZ,ATTRIBUTE_LABEL 38,,,EXPECTED_EMPTY,
WDTS7024RZ,ATTRIBUTE_VALUE 38,,,EXPECTED_EMPTY,
WDTS7024RZ,ATTRIBUTE_UOM 38,,,EXPECTED_EMPTY,
WDTS7024RZ,ATTRIBUTE_LABEL 39,,,EXPECTED_EMPTY,
WDTS7024RZ,ATTRIBUTE_VALUE 39,,,EXPECTED_EMPTY,
WDTS7024RZ,ATTRIBUTE_UOM 39,,,EXPECTED_EMPTY,
WDTS7024RZ,ATTRIBUTE_LABEL 40,,,EXPECTED_EMPTY,
WDTS7024RZ,ATTRIBUTE_VALUE 40,,,EXPECTED_EMPTY,
WDTS7024RZ,ATTRIBUTE_UOM 40,,,EXPECTED_EMPTY,
WDTS7024RZ,ATTRIBUTE_LABEL 41,,,EXPECTED_EMPTY,
WDTS7024RZ,ATTRIBUTE_VALUE 41,,,EXPECTED_EMPTY,
WDTS7024RZ,ATTRIBUTE_UOM 41,,,EXPECTED_EMPTY,
WDTS7024RZ,ATTRIBUTE_LABEL 42,,,EXPECTED_EMPTY,
WDTS7024RZ,ATTRIBUTE_VALUE 42,,,EXPECTED_EMPTY,
WDTS7024RZ,ATTRIBUTE_UOM 42,,,EXPECTED_EMPTY,
WDTS7024RZ,ATTRIBUTE_LABEL 43,,,EXPECTED_EMPTY,
WDTS7024RZ,ATTRIBUTE_VALUE 43,,,EXPECTED_EMPTY,
WDTS7024RZ,ATTRIBUTE_UOM 43,,,EXPECTED_EMPTY,
WDTS7024RZ,ATTRIBUTE_LABEL 44,,,EXPECTED_EMPTY,
WDTS7024RZ,ATTRIBUTE_VALUE 44,,,EXPECTED_EMPTY,
WDTS7024RZ,ATTRIBUTE_UOM 44,,,EXPECTED_EMPTY,
WDTS7024RZ,ATTRIBUTE_LABEL 45,,,EXPECTED_EMPTY,
WDTS7024RZ,ATTRIBUTE_VALUE 45,,,EXPECTED_EMPTY,
WDTS7024RZ,ATTRIBUTE_UOM 45,,,EXPECTED_EMPTY,
WDTS7024RZ,ATTRIBUTE_LABEL 46,,,EXPECTED_EMPTY,
WDTS7024RZ,ATTRIBUTE_VALUE 46,,,EXPECTED_EMPTY,
WDTS7024RZ,ATTRIBUTE_UOM 46,,,EXPECTED_EMPTY,
WDTS7024RZ,ATTRIBUTE_LABEL 47,,,EXPECTED_EMPTY,
WDTS7024RZ,ATTRIBUTE_VALUE 47,,,EXPECTED_EMPTY,
WDTS7024RZ,ATTRIBUTE_UOM 47,,,EXPECTED_EMPTY,
WDTS7024RZ,ATTRIBUTE_LABEL 48,,,EXPECTED_EMPTY,
WDTS7024RZ,ATTRIBUTE_VALUE 48,,,EXPECTED_EMPTY,
WDTS7024RZ,ATTRIBUTE_UOM 48,,,EXPECTED_EMPTY,
WDTS7024RZ,ATTRIBUTE_LABEL 49,,,EXPECTED_EMPTY,
WDTS7024RZ,ATTRIBUTE_VALUE 49,,,EXPECTED_EMPTY,
WDTS7024RZ,ATTRIBUTE_UOM 49,,,EXPECTED_EMPTY,
WDTS7024RZ,ATTRIBUTE_LABEL 50,,,EXPECTED_EMPTY,
WDTS7024RZ,ATTRIBUTE_VALUE 50,,,EXPECTED_EMPTY,
WDTS7024RZ,ATTRIBUTE_UOM 50,,,EXPECTED_EMPTY,
WDTS7024RZ,UPC,,,EXPECTED_EMPTY,
WDTS7024RZ,EAN,,,EXPECTED_EMPTY,
WDTS7024RZ,GTIN,,,EXPECTED_EMPTY,
WDTS7024RZ,UNSPSC,,,EXPECTED_EMPTY,
